{
  "Add Product to Cart-1" : {
    "transaction" : "Add Product to Cart-1",
    "sampleCount" : 1625,
    "errorCount" : 0,
    "errorPct" : 0.0,
    "meanResTime" : 122.68307692307677,
    "medianResTime" : 88.0,
    "minResTime" : 53.0,
    "maxResTime" : 5691.0,
    "pct1ResTime" : 144.4000000000001,
    "pct2ResTime" : 360.6999999999998,
    "pct3ResTime" : 526.0,
    "throughput" : 6.815131689313874,
    "receivedKBytesPerSec" : 170.22706102033007,
    "sentKBytesPerSec" : 6.203023100675223
  },
  "Add Product to Cart-0" : {
    "transaction" : "Add Product to Cart-0",
    "sampleCount" : 1625,
    "errorCount" : 0,
    "errorPct" : 0.0,
    "meanResTime" : 86.13907692307693,
    "medianResTime" : 58.0,
    "minResTime" : 38.0,
    "maxResTime" : 1445.0,
    "pct1ResTime" : 103.40000000000009,
    "pct2ResTime" : 368.6999999999998,
    "pct3ResTime" : 491.0,
    "throughput" : 6.815503277732807,
    "receivedKBytesPerSec" : 6.167338266796546,
    "sentKBytesPerSec" : 6.0011161697291
  },
  "Add Product to Cart" : {
    "transaction" : "Add Product to Cart",
    "sampleCount" : 1625,
    "errorCount" : 0,
    "errorPct" : 0.0,
    "meanResTime" : 208.8504615384615,
    "medianResTime" : 150.0,
    "minResTime" : 98.0,
    "maxResTime" : 5900.0,
    "pct1ResTime" : 234.4000000000001,
    "pct2ResTime" : 725.4999999999991,
    "pct3ResTime" : 1031.74,
    "throughput" : 6.813702880623926,
    "receivedKBytesPerSec" : 176.3570815993333,
    "sentKBytesPerSec" : 12.201253524780913
  },
  "Add Product 2 to Cart-1" : {
    "transaction" : "Add Product 2 to Cart-1",
    "sampleCount" : 1598,
    "errorCount" : 0,
    "errorPct" : 0.0,
    "meanResTime" : 113.55444305381722,
    "medianResTime" : 86.0,
    "minResTime" : 51.0,
    "maxResTime" : 4735.0,
    "pct1ResTime" : 131.0,
    "pct2ResTime" : 240.14999999999986,
    "pct3ResTime" : 507.0799999999999,
    "throughput" : 6.702148630001972,
    "receivedKBytesPerSec" : 167.3184210002055,
    "sentKBytesPerSec" : 6.107088174880783
  },
  "Add Product 2 to Cart-0" : {
    "transaction" : "Add Product 2 to Cart-0",
    "sampleCount" : 1598,
    "errorCount" : 0,
    "errorPct" : 0.0,
    "meanResTime" : 77.39799749687114,
    "medianResTime" : 58.0,
    "minResTime" : 38.0,
    "maxResTime" : 1075.0,
    "pct1ResTime" : 89.0,
    "pct2ResTime" : 178.24999999999977,
    "pct3ResTime" : 474.0,
    "throughput" : 6.702682750868245,
    "receivedKBytesPerSec" : 6.076698372984581,
    "sentKBytesPerSec" : 6.8584046799762595
  },
  "Add Product 2 to Cart" : {
    "transaction" : "Add Product 2 to Cart",
    "sampleCount" : 1598,
    "errorCount" : 0,
    "errorPct" : 0.0,
    "meanResTime" : 190.9799749687111,
    "medianResTime" : 147.0,
    "minResTime" : 99.0,
    "maxResTime" : 5810.0,
    "pct1ResTime" : 205.0,
    "pct2ResTime" : 432.5499999999995,
    "pct3ResTime" : 996.1199999999999,
    "throughput" : 6.700715357972509,
    "receivedKBytesPerSec" : 173.35755423889435,
    "sentKBytesPerSec" : 12.962173737168843
  },
  "Login" : {
    "transaction" : "Login",
    "sampleCount" : 1858,
    "errorCount" : 0,
    "errorPct" : 0.0,
    "meanResTime" : 218.36652314316498,
    "medianResTime" : 136.0,
    "minResTime" : 92.0,
    "maxResTime" : 3233.0,
    "pct1ResTime" : 472.2000000000003,
    "pct2ResTime" : 650.05,
    "pct3ResTime" : 1023.5600000000013,
    "throughput" : 7.786503951923158,
    "receivedKBytesPerSec" : 79.68787324300766,
    "sentKBytesPerSec" : 8.199444954907007
  },
  "Login-0" : {
    "transaction" : "Login-0",
    "sampleCount" : 1858,
    "errorCount" : 0,
    "errorPct" : 0.0,
    "meanResTime" : 108.93864370290629,
    "medianResTime" : 71.0,
    "minResTime" : 44.0,
    "maxResTime" : 775.0,
    "pct1ResTime" : 214.10000000000014,
    "pct2ResTime" : 323.0,
    "pct3ResTime" : 596.4100000000001,
    "throughput" : 7.788168522888749,
    "receivedKBytesPerSec" : 5.608990837741598,
    "sentKBytesPerSec" : 2.55833774552851
  },
  "Login-1" : {
    "transaction" : "Login-1",
    "sampleCount" : 1858,
    "errorCount" : 0,
    "errorPct" : 0.0,
    "meanResTime" : 109.40312163616804,
    "medianResTime" : 65.0,
    "minResTime" : 42.0,
    "maxResTime" : 2586.0,
    "pct1ResTime" : 228.10000000000014,
    "pct2ResTime" : 393.04999999999995,
    "pct3ResTime" : 526.0,
    "throughput" : 7.788331754428619,
    "receivedKBytesPerSec" : 74.09747076362748,
    "sentKBytesPerSec" : 5.6429783256029875
  },
  "Logout-1" : {
    "transaction" : "Logout-1",
    "sampleCount" : 1571,
    "errorCount" : 0,
    "errorPct" : 0.0,
    "meanResTime" : 72.67536600891161,
    "medianResTime" : 60.0,
    "minResTime" : 40.0,
    "maxResTime" : 1106.0,
    "pct1ResTime" : 83.0,
    "pct2ResTime" : 108.39999999999986,
    "pct3ResTime" : 417.55999999999995,
    "throughput" : 6.589765100671141,
    "receivedKBytesPerSec" : 60.72978794174706,
    "sentKBytesPerSec" : 5.113492620071309
  },
  "Logout-0" : {
    "transaction" : "Logout-0",
    "sampleCount" : 1571,
    "errorCount" : 0,
    "errorPct" : 0.0,
    "meanResTime" : 68.06747294716722,
    "medianResTime" : 55.0,
    "minResTime" : 37.0,
    "maxResTime" : 1008.0,
    "pct1ResTime" : 79.0,
    "pct2ResTime" : 103.0,
    "pct3ResTime" : 445.67999999999984,
    "throughput" : 6.589571614927414,
    "receivedKBytesPerSec" : 8.92681357405613,
    "sentKBytesPerSec" : 6.640540618301896
  },
  "Look at Product" : {
    "transaction" : "Look at Product",
    "sampleCount" : 1808,
    "errorCount" : 0,
    "errorPct" : 0.0,
    "meanResTime" : 584.465707964603,
    "medianResTime" : 223.5,
    "minResTime" : 103.0,
    "maxResTime" : 7596.0,
    "pct1ResTime" : 1922.9000000000012,
    "pct2ResTime" : 2788.95,
    "pct3ResTime" : 4529.580000000004,
    "throughput" : 7.573472738849234,
    "receivedKBytesPerSec" : 805.7159815511795,
    "sentKBytesPerSec" : 5.647591741437954
  },
  "Total" : {
    "transaction" : "Total",
    "sampleCount" : 27189,
    "errorCount" : 0,
    "errorPct" : 0.0,
    "meanResTime" : 225.35724006031847,
    "medianResTime" : 117.0,
    "minResTime" : 37.0,
    "maxResTime" : 9007.0,
    "pct1ResTime" : 347.0,
    "pct2ResTime" : 774.0,
    "pct3ResTime" : 3527.9900000000016,
    "throughput" : 113.49747032009216,
    "receivedKBytesPerSec" : 3583.852323249835,
    "sentKBytesPerSec" : 108.36415369736095
  },
  "Logout" : {
    "transaction" : "Logout",
    "sampleCount" : 1571,
    "errorCount" : 0,
    "errorPct" : 0.0,
    "meanResTime" : 140.78739656269892,
    "medianResTime" : 116.0,
    "minResTime" : 81.0,
    "maxResTime" : 1495.0,
    "pct1ResTime" : 153.79999999999995,
    "pct2ResTime" : 208.39999999999986,
    "pct3ResTime" : 871.56,
    "throughput" : 6.588383308869783,
    "receivedKBytesPerSec" : 69.64225745046132,
    "sentKBytesPerSec" : 11.751763505189768
  },
  "List Products with different page" : {
    "transaction" : "List Products with different page",
    "sampleCount" : 1711,
    "errorCount" : 0,
    "errorPct" : 0.0,
    "meanResTime" : 381.0713033313852,
    "medianResTime" : 200.0,
    "minResTime" : 95.0,
    "maxResTime" : 8246.0,
    "pct1ResTime" : 1005.7999999999997,
    "pct2ResTime" : 1774.3999999999999,
    "pct3ResTime" : 2863.199999999998,
    "throughput" : 7.172921487741893,
    "receivedKBytesPerSec" : 828.1528227133431,
    "sentKBytesPerSec" : 5.553988378588556
  },
  "List Products" : {
    "transaction" : "List Products",
    "sampleCount" : 1845,
    "errorCount" : 0,
    "errorPct" : 0.0,
    "meanResTime" : 851.9663956639566,
    "medianResTime" : 265.0,
    "minResTime" : 136.0,
    "maxResTime" : 9007.0,
    "pct1ResTime" : 2960.6000000000017,
    "pct2ResTime" : 4495.299999999998,
    "pct3ResTime" : 6972.859999999998,
    "throughput" : 7.727845794920983,
    "receivedKBytesPerSec" : 896.1517505651902,
    "sentKBytesPerSec" : 5.8088589856626465
  },
  "Home" : {
    "transaction" : "Home",
    "sampleCount" : 1869,
    "errorCount" : 0,
    "errorPct" : 0.0,
    "meanResTime" : 162.5997859818084,
    "medianResTime" : 120.0,
    "minResTime" : 79.0,
    "maxResTime" : 1034.0,
    "pct1ResTime" : 308.0,
    "pct2ResTime" : 390.5,
    "pct3ResTime" : 787.3999999999992,
    "throughput" : 7.801933577117667,
    "receivedKBytesPerSec" : 69.47073276968642,
    "sentKBytesPerSec" : 1.5847677578520263
  }
}