{
  "Add Product to Cart-1" : {
    "transaction" : "Add Product to Cart-1",
    "sampleCount" : 2116,
    "errorCount" : 0,
    "errorPct" : 0.0,
    "meanResTime" : 899.9952741020783,
    "medianResTime" : 509.0,
    "minResTime" : 55.0,
    "maxResTime" : 7475.0,
    "pct1ResTime" : 2195.7999999999997,
    "pct2ResTime" : 3531.1499999999996,
    "pct3ResTime" : 4743.909999999994,
    "throughput" : 8.88538027411986,
    "receivedKBytesPerSec" : 230.2402167254896,
    "sentKBytesPerSec" : 7.564205342933267
  },
  "Add Product to Cart-0" : {
    "transaction" : "Add Product to Cart-0",
    "sampleCount" : 2116,
    "errorCount" : 0,
    "errorPct" : 0.0,
    "meanResTime" : 399.0425330812851,
    "medianResTime" : 457.0,
    "minResTime" : 39.0,
    "maxResTime" : 1948.0,
    "pct1ResTime" : 509.0,
    "pct2ResTime" : 532.0,
    "pct3ResTime" : 1220.3199999999997,
    "throughput" : 8.886872963074959,
    "receivedKBytesPerSec" : 7.176777105540015,
    "sentKBytesPerSec" : 4.547653349481739
  },
  "Add Product to Cart" : {
    "transaction" : "Add Product to Cart",
    "sampleCount" : 2116,
    "errorCount" : 0,
    "errorPct" : 0.0,
    "meanResTime" : 1299.0718336483942,
    "medianResTime" : 982.0,
    "minResTime" : 97.0,
    "maxResTime" : 7932.0,
    "pct1ResTime" : 2740.3,
    "pct2ResTime" : 4024.1499999999996,
    "pct3ResTime" : 5240.959999999992,
    "throughput" : 8.88377619265535,
    "receivedKBytesPerSec" : 237.37292760651295,
    "sentKBytesPerSec" : 12.108908422006659
  },
  "Add Product 2 to Cart-1" : {
    "transaction" : "Add Product 2 to Cart-1",
    "sampleCount" : 2093,
    "errorCount" : 0,
    "errorPct" : 0.0,
    "meanResTime" : 877.5355948399432,
    "medianResTime" : 512.0,
    "minResTime" : 51.0,
    "maxResTime" : 7232.0,
    "pct1ResTime" : 2124.800000000002,
    "pct2ResTime" : 3400.0999999999995,
    "pct3ResTime" : 4462.979999999996,
    "throughput" : 8.788836959305964,
    "receivedKBytesPerSec" : 227.658012662035,
    "sentKBytesPerSec" : 7.479077040895596
  },
  "Add Product 2 to Cart-0" : {
    "transaction" : "Add Product 2 to Cart-0",
    "sampleCount" : 2093,
    "errorCount" : 0,
    "errorPct" : 0.0,
    "meanResTime" : 393.06354515050145,
    "medianResTime" : 457.0,
    "minResTime" : 39.0,
    "maxResTime" : 1908.0,
    "pct1ResTime" : 508.60000000000014,
    "pct2ResTime" : 533.3,
    "pct3ResTime" : 1194.4199999999996,
    "throughput" : 8.78939057985621,
    "receivedKBytesPerSec" : 7.093238228232296,
    "sentKBytesPerSec" : 8.464575118213734
  },
  "Add Product 2 to Cart" : {
    "transaction" : "Add Product 2 to Cart",
    "sampleCount" : 2093,
    "errorCount" : 0,
    "errorPct" : 0.0,
    "meanResTime" : 1270.6435738174866,
    "medianResTime" : 986.0,
    "minResTime" : 93.0,
    "maxResTime" : 9083.0,
    "pct1ResTime" : 2674.4000000000033,
    "pct2ResTime" : 3896.2,
    "pct3ResTime" : 5091.419999999996,
    "throughput" : 8.78691828124016,
    "receivedKBytesPerSec" : 234.69955600322217,
    "sentKBytesPerSec" : 15.93963847897731
  },
  "Login" : {
    "transaction" : "Login",
    "sampleCount" : 2253,
    "errorCount" : 0,
    "errorPct" : 0.0,
    "meanResTime" : 927.2769640479363,
    "medianResTime" : 930.0,
    "minResTime" : 83.0,
    "maxResTime" : 8879.0,
    "pct1ResTime" : 1126.6000000000001,
    "pct2ResTime" : 2230.399999999998,
    "pct3ResTime" : 4445.540000000002,
    "throughput" : 9.44432334546186,
    "receivedKBytesPerSec" : 98.14093703365248,
    "sentKBytesPerSec" : 6.955868885345579
  },
  "Login-0" : {
    "transaction" : "Login-0",
    "sampleCount" : 2253,
    "errorCount" : 0,
    "errorPct" : 0.0,
    "meanResTime" : 399.1034176653358,
    "medianResTime" : 458.0,
    "minResTime" : 38.0,
    "maxResTime" : 3112.0,
    "pct1ResTime" : 513.0,
    "pct2ResTime" : 534.0,
    "pct3ResTime" : 1648.38,
    "throughput" : 9.446976590115266,
    "receivedKBytesPerSec" : 3.7329666541224125,
    "sentKBytesPerSec" : 3.115660601746831
  },
  "Login-1" : {
    "transaction" : "Login-1",
    "sampleCount" : 2253,
    "errorCount" : 0,
    "errorPct" : 0.0,
    "meanResTime" : 528.1407012871729,
    "medianResTime" : 462.0,
    "minResTime" : 40.0,
    "maxResTime" : 7970.0,
    "pct1ResTime" : 540.6000000000001,
    "pct2ResTime" : 1342.4999999999932,
    "pct3ResTime" : 3834.500000000001,
    "throughput" : 9.446184420713685,
    "receivedKBytesPerSec" : 94.42762281769242,
    "sentKBytesPerSec" : 3.8418402515733163
  },
  "Logout-1" : {
    "transaction" : "Logout-1",
    "sampleCount" : 2078,
    "errorCount" : 0,
    "errorPct" : 0.0,
    "meanResTime" : 507.21703561116385,
    "medianResTime" : 463.0,
    "minResTime" : 43.0,
    "maxResTime" : 5116.0,
    "pct1ResTime" : 547.0,
    "pct2ResTime" : 1465.1999999999962,
    "pct3ResTime" : 3015.1000000000004,
    "throughput" : 8.726765721197054,
    "receivedKBytesPerSec" : 82.51278482464576,
    "sentKBytesPerSec" : 6.302116853566299
  },
  "Logout-0" : {
    "transaction" : "Logout-0",
    "sampleCount" : 2078,
    "errorCount" : 0,
    "errorPct" : 0.0,
    "meanResTime" : 387.89412897016325,
    "medianResTime" : 451.0,
    "minResTime" : 37.0,
    "maxResTime" : 1851.0,
    "pct1ResTime" : 507.0,
    "pct2ResTime" : 525.0,
    "pct3ResTime" : 1195.21,
    "throughput" : 8.726692423987904,
    "receivedKBytesPerSec" : 10.186631215353604,
    "sentKBytesPerSec" : 8.258613369834537
  },
  "Look at Product" : {
    "transaction" : "Look at Product",
    "sampleCount" : 2238,
    "errorCount" : 200,
    "errorPct" : 8.93655,
    "meanResTime" : 2746.28596961573,
    "medianResTime" : 2278.0,
    "minResTime" : 0.0,
    "maxResTime" : 17551.0,
    "pct1ResTime" : 5950.9000000000015,
    "pct2ResTime" : 7256.399999999998,
    "pct3ResTime" : 10736.640000000016,
    "throughput" : 9.371427614305873,
    "receivedKBytesPerSec" : 934.2332912781969,
    "sentKBytesPerSec" : 3.4493395797304145
  },
  "Total" : {
    "transaction" : "Total",
    "sampleCount" : 34473,
    "errorCount" : 200,
    "errorPct" : 0.5801642,
    "meanResTime" : 1116.13358280393,
    "medianResTime" : 957.0,
    "minResTime" : 0.0,
    "maxResTime" : 21955.0,
    "pct1ResTime" : 3778.9000000000015,
    "pct2ResTime" : 4882.0,
    "pct3ResTime" : 8081.880000000019,
    "throughput" : 144.09861556982344,
    "receivedKBytesPerSec" : 4436.693823229125,
    "sentKBytesPerSec" : 111.78308428768936
  },
  "Logout" : {
    "transaction" : "Logout",
    "sampleCount" : 2078,
    "errorCount" : 0,
    "errorPct" : 0.0,
    "meanResTime" : 895.1568816169387,
    "medianResTime" : 923.5,
    "minResTime" : 84.0,
    "maxResTime" : 5924.0,
    "pct1ResTime" : 1195.6000000000035,
    "pct2ResTime" : 2035.1999999999998,
    "pct3ResTime" : 3489.63,
    "throughput" : 8.725043562236264,
    "receivedKBytesPerSec" : 92.68120807790818,
    "sentKBytesPerSec" : 14.557926129206644
  },
  "List Products with different page" : {
    "transaction" : "List Products with different page",
    "sampleCount" : 2153,
    "errorCount" : 0,
    "errorPct" : 0.0,
    "meanResTime" : 2540.0891778913187,
    "medianResTime" : 1901.0,
    "minResTime" : 122.0,
    "maxResTime" : 18543.0,
    "pct1ResTime" : 5371.4000000000015,
    "pct2ResTime" : 6725.799999999999,
    "pct3ResTime" : 10935.760000000004,
    "throughput" : 9.035285033237091,
    "receivedKBytesPerSec" : 1043.2207059773782,
    "sentKBytesPerSec" : 3.822690891641627
  },
  "List Products" : {
    "transaction" : "List Products",
    "sampleCount" : 2193,
    "errorCount" : 0,
    "errorPct" : 0.0,
    "meanResTime" : 2737.5540355677144,
    "medianResTime" : 2192.0,
    "minResTime" : 164.0,
    "maxResTime" : 17186.0,
    "pct1ResTime" : 5391.4000000000015,
    "pct2ResTime" : 6745.499999999998,
    "pct3ResTime" : 10221.839999999993,
    "throughput" : 9.1746957456689,
    "receivedKBytesPerSec" : 1061.157333298121,
    "sentKBytesPerSec" : 3.8974660158685004
  },
  "Home" : {
    "transaction" : "Home",
    "sampleCount" : 2269,
    "errorCount" : 0,
    "errorPct" : 0.0,
    "meanResTime" : 944.5495813133542,
    "medianResTime" : 924.0,
    "minResTime" : 76.0,
    "maxResTime" : 21955.0,
    "pct1ResTime" : 1093.0,
    "pct2ResTime" : 2812.5,
    "pct3ResTime" : 4793.700000000002,
    "throughput" : 9.488443669422455,
    "receivedKBytesPerSec" : 84.4879193142519,
    "sentKBytesPerSec" : 1.9273401203514362
  }
}