{
  "Add Product to Cart-1" : {
    "transaction" : "Add Product to Cart-1",
    "sampleCount" : 2162,
    "errorCount" : 0,
    "errorPct" : 0.0,
    "meanResTime" : 259.23358001850147,
    "medianResTime" : 249.0,
    "minResTime" : 62.0,
    "maxResTime" : 1943.0,
    "pct1ResTime" : 309.70000000000005,
    "pct2ResTime" : 367.6999999999998,
    "pct3ResTime" : 481.3699999999999,
    "throughput" : 9.048069438283127,
    "receivedKBytesPerSec" : 234.80960721773957,
    "sentKBytesPerSec" : 8.267803578005072
  },
  "Add Product to Cart-0" : {
    "transaction" : "Add Product to Cart-0",
    "sampleCount" : 2162,
    "errorCount" : 0,
    "errorPct" : 0.0,
    "meanResTime" : 212.0952821461612,
    "medianResTime" : 214.0,
    "minResTime" : 44.0,
    "maxResTime" : 649.0,
    "pct1ResTime" : 257.0,
    "pct2ResTime" : 268.0,
    "pct3ResTime" : 299.0,
    "throughput" : 9.048637472743176,
    "receivedKBytesPerSec" : 8.241812947566451,
    "sentKBytesPerSec" : 8.169113644472672
  },
  "Add Product to Cart" : {
    "transaction" : "Add Product to Cart",
    "sampleCount" : 2162,
    "errorCount" : 0,
    "errorPct" : 0.0,
    "meanResTime" : 471.3672525439407,
    "medianResTime" : 466.0,
    "minResTime" : 108.0,
    "maxResTime" : 2160.0,
    "pct1ResTime" : 554.7,
    "pct2ResTime" : 592.8499999999999,
    "pct3ResTime" : 723.5899999999992,
    "throughput" : 9.046252207168381,
    "receivedKBytesPerSec" : 243.00208798390335,
    "sentKBytesPerSec" : 16.433103282666092
  },
  "Add Product 2 to Cart-1" : {
    "transaction" : "Add Product 2 to Cart-1",
    "sampleCount" : 2154,
    "errorCount" : 0,
    "errorPct" : 0.0,
    "meanResTime" : 256.71402042711156,
    "medianResTime" : 245.0,
    "minResTime" : 64.0,
    "maxResTime" : 1780.0,
    "pct1ResTime" : 308.0,
    "pct2ResTime" : 367.25,
    "pct3ResTime" : 484.0,
    "throughput" : 9.01704195812978,
    "receivedKBytesPerSec" : 234.018716432031,
    "sentKBytesPerSec" : 8.239478580600801
  },
  "Add Product 2 to Cart-0" : {
    "transaction" : "Add Product 2 to Cart-0",
    "sampleCount" : 2154,
    "errorCount" : 0,
    "errorPct" : 0.0,
    "meanResTime" : 209.83054781801283,
    "medianResTime" : 212.0,
    "minResTime" : 48.0,
    "maxResTime" : 584.0,
    "pct1ResTime" : 253.0,
    "pct2ResTime" : 267.0,
    "pct3ResTime" : 298.4499999999998,
    "throughput" : 9.017608198739042,
    "receivedKBytesPerSec" : 8.213577218764915,
    "sentKBytesPerSec" : 9.250021455544113
  },
  "Add Product 2 to Cart" : {
    "transaction" : "Add Product 2 to Cart",
    "sampleCount" : 2154,
    "errorCount" : 0,
    "errorPct" : 0.0,
    "meanResTime" : 466.5738161559889,
    "medianResTime" : 461.0,
    "minResTime" : 113.0,
    "maxResTime" : 2004.0,
    "pct1ResTime" : 554.0,
    "pct2ResTime" : 600.0,
    "pct3ResTime" : 714.8999999999996,
    "throughput" : 9.015192734273636,
    "receivedKBytesPerSec" : 242.1821007656531,
    "sentKBytesPerSec" : 17.48533255686812
  },
  "Login" : {
    "transaction" : "Login",
    "sampleCount" : 2190,
    "errorCount" : 0,
    "errorPct" : 0.0,
    "meanResTime" : 432.1502283105023,
    "medianResTime" : 434.0,
    "minResTime" : 99.0,
    "maxResTime" : 1199.0,
    "pct1ResTime" : 513.0,
    "pct2ResTime" : 537.4499999999998,
    "pct3ResTime" : 601.2700000000004,
    "throughput" : 9.152419122287185,
    "receivedKBytesPerSec" : 93.38310086389015,
    "sentKBytesPerSec" : 10.214242747021284
  },
  "Login-0" : {
    "transaction" : "Login-0",
    "sampleCount" : 2190,
    "errorCount" : 0,
    "errorPct" : 0.0,
    "meanResTime" : 218.68127853881276,
    "medianResTime" : 218.0,
    "minResTime" : 47.0,
    "maxResTime" : 915.0,
    "pct1ResTime" : 263.0,
    "pct2ResTime" : 278.0,
    "pct3ResTime" : 308.0,
    "throughput" : 9.154332005467518,
    "receivedKBytesPerSec" : 7.1784656814438765,
    "sentKBytesPerSec" : 3.011092541048192
  },
  "Login-1" : {
    "transaction" : "Login-1",
    "sampleCount" : 2190,
    "errorCount" : 0,
    "errorPct" : 0.0,
    "meanResTime" : 213.42831050228347,
    "medianResTime" : 214.5,
    "minResTime" : 45.0,
    "maxResTime" : 942.0,
    "pct1ResTime" : 258.0,
    "pct2ResTime" : 271.0,
    "pct3ResTime" : 305.09000000000015,
    "throughput" : 9.15452333776429,
    "receivedKBytesPerSec" : 86.22595468040682,
    "sentKBytesPerSec" : 7.205435609266969
  },
  "Logout-1" : {
    "transaction" : "Logout-1",
    "sampleCount" : 2150,
    "errorCount" : 0,
    "errorPct" : 0.0,
    "meanResTime" : 212.20930232558158,
    "medianResTime" : 213.0,
    "minResTime" : 41.0,
    "maxResTime" : 989.0,
    "pct1ResTime" : 257.0,
    "pct2ResTime" : 268.0,
    "pct3ResTime" : 301.0,
    "throughput" : 9.001465354825203,
    "receivedKBytesPerSec" : 82.9031442981997,
    "sentKBytesPerSec" : 6.997232834414905
  },
  "Logout-0" : {
    "transaction" : "Logout-0",
    "sampleCount" : 2150,
    "errorCount" : 0,
    "errorPct" : 0.0,
    "meanResTime" : 208.04465116279084,
    "medianResTime" : 208.0,
    "minResTime" : 40.0,
    "maxResTime" : 600.0,
    "pct1ResTime" : 251.0,
    "pct2ResTime" : 266.0,
    "pct3ResTime" : 290.0,
    "throughput" : 9.001503041670679,
    "receivedKBytesPerSec" : 12.23641819727108,
    "sentKBytesPerSec" : 9.084808648717392
  },
  "Look at Product" : {
    "transaction" : "Look at Product",
    "sampleCount" : 2185,
    "errorCount" : 50,
    "errorPct" : 2.2883296,
    "meanResTime" : 1224.8329519450822,
    "medianResTime" : 1227.0,
    "minResTime" : 0.0,
    "maxResTime" : 2816.0,
    "pct1ResTime" : 1601.4,
    "pct2ResTime" : 1723.6999999999998,
    "pct3ResTime" : 1959.2599999999989,
    "throughput" : 9.127365387025357,
    "receivedKBytesPerSec" : 979.6778685865638,
    "sentKBytesPerSec" : 7.139165887777268
  },
  "Total" : {
    "transaction" : "Total",
    "sampleCount" : 34700,
    "errorCount" : 50,
    "errorPct" : 0.14409222,
    "meanResTime" : 450.43610951008924,
    "medianResTime" : 316.5,
    "minResTime" : 0.0,
    "maxResTime" : 2816.0,
    "pct1ResTime" : 1024.0,
    "pct2ResTime" : 1215.0,
    "pct3ResTime" : 1561.9800000000032,
    "throughput" : 144.59237035648061,
    "receivedKBytesPerSec" : 4503.10322943361,
    "sentKBytesPerSec" : 143.62772266365604
  },
  "Logout" : {
    "transaction" : "Logout",
    "sampleCount" : 2150,
    "errorCount" : 0,
    "errorPct" : 0.0,
    "meanResTime" : 420.3032558139532,
    "medianResTime" : 422.0,
    "minResTime" : 91.0,
    "maxResTime" : 1282.0,
    "pct1ResTime" : 500.0,
    "pct2ResTime" : 528.4499999999998,
    "pct3ResTime" : 572.4899999999998,
    "throughput" : 8.999619085889853,
    "receivedKBytesPerSec" : 95.11999742830652,
    "sentKBytesPerSec" : 16.078704906414426
  },
  "List Products with different page" : {
    "transaction" : "List Products with different page",
    "sampleCount" : 2170,
    "errorCount" : 0,
    "errorPct" : 0.0,
    "meanResTime" : 908.5557603686624,
    "medianResTime" : 899.5,
    "minResTime" : 149.0,
    "maxResTime" : 2090.0,
    "pct1ResTime" : 1139.0,
    "pct2ResTime" : 1212.0,
    "pct3ResTime" : 1366.29,
    "throughput" : 9.07403070953066,
    "receivedKBytesPerSec" : 1052.4362535948528,
    "sentKBytesPerSec" : 7.370608163909611
  },
  "List Products" : {
    "transaction" : "List Products",
    "sampleCount" : 2178,
    "errorCount" : 0,
    "errorPct" : 0.0,
    "meanResTime" : 1066.6262626262642,
    "medianResTime" : 1050.0,
    "minResTime" : 176.0,
    "maxResTime" : 2639.0,
    "pct1ResTime" : 1369.2000000000003,
    "pct2ResTime" : 1491.0999999999995,
    "pct3ResTime" : 1710.6800000000003,
    "throughput" : 9.09056759700988,
    "receivedKBytesPerSec" : 1055.427463476516,
    "sentKBytesPerSec" : 7.384549524132995
  },
  "Home" : {
    "transaction" : "Home",
    "sampleCount" : 2199,
    "errorCount" : 0,
    "errorPct" : 0.0,
    "meanResTime" : 414.38017280582136,
    "medianResTime" : 415.0,
    "minResTime" : 84.0,
    "maxResTime" : 2464.0,
    "pct1ResTime" : 498.0,
    "pct2ResTime" : 524.0,
    "pct3ResTime" : 615.0,
    "throughput" : 9.18619272206232,
    "receivedKBytesPerSec" : 81.79658714820725,
    "sentKBytesPerSec" : 1.8659453966689086
  }
}