{
  "Add Product to Cart-1" : {
    "transaction" : "Add Product to Cart-1",
    "sampleCount" : 2141,
    "errorCount" : 0,
    "errorPct" : 0.0,
    "meanResTime" : 1560.4857543204141,
    "medianResTime" : 1015.0,
    "minResTime" : 166.0,
    "maxResTime" : 17439.0,
    "pct1ResTime" : 3608.0,
    "pct2ResTime" : 4092.699999999997,
    "pct3ResTime" : 5959.159999999996,
    "throughput" : 8.960295970168618,
    "receivedKBytesPerSec" : 232.83130351694754,
    "sentKBytesPerSec" : 7.807321757961104
  },
  "Add Product to Cart-0" : {
    "transaction" : "Add Product to Cart-0",
    "sampleCount" : 2141,
    "errorCount" : 0,
    "errorPct" : 0.0,
    "meanResTime" : 522.8766931340496,
    "medianResTime" : 491.0,
    "minResTime" : 115.0,
    "maxResTime" : 2322.0,
    "pct1ResTime" : 534.0,
    "pct2ResTime" : 873.6999999999982,
    "pct3ResTime" : 1290.6399999999994,
    "throughput" : 8.966112199943046,
    "receivedKBytesPerSec" : 7.536717650698527,
    "sentKBytesPerSec" : 5.708842676348895
  },
  "Add Product to Cart" : {
    "transaction" : "Add Product to Cart",
    "sampleCount" : 2143,
    "errorCount" : 2,
    "errorPct" : 0.09332711,
    "meanResTime" : 2081.458236117589,
    "medianResTime" : 1523.0,
    "minResTime" : 0.0,
    "maxResTime" : 17930.0,
    "pct1ResTime" : 4108.200000000001,
    "pct2ResTime" : 4641.799999999999,
    "pct3ResTime" : 6446.399999999998,
    "throughput" : 8.964351747274721,
    "receivedKBytesPerSec" : 240.2650945324984,
    "sentKBytesPerSec" : 13.50596092919919
  },
  "Add Product 2 to Cart-1" : {
    "transaction" : "Add Product 2 to Cart-1",
    "sampleCount" : 2124,
    "errorCount" : 0,
    "errorPct" : 0.0,
    "meanResTime" : 1544.9350282485873,
    "medianResTime" : 1016.5,
    "minResTime" : 109.0,
    "maxResTime" : 17002.0,
    "pct1ResTime" : 3519.0,
    "pct2ResTime" : 3979.5,
    "pct3ResTime" : 5681.75,
    "throughput" : 8.89424888821889,
    "receivedKBytesPerSec" : 231.11773881047796,
    "sentKBytesPerSec" : 7.7501046220572345
  },
  "Add Product 2 to Cart-0" : {
    "transaction" : "Add Product 2 to Cart-0",
    "sampleCount" : 2124,
    "errorCount" : 0,
    "errorPct" : 0.0,
    "meanResTime" : 523.7278719397361,
    "medianResTime" : 491.0,
    "minResTime" : 132.0,
    "maxResTime" : 1936.0,
    "pct1ResTime" : 535.0,
    "pct2ResTime" : 986.0,
    "pct3ResTime" : 1256.5,
    "throughput" : 8.892684887459806,
    "receivedKBytesPerSec" : 7.476324181592477,
    "sentKBytesPerSec" : 8.742149492040962
  },
  "Add Product 2 to Cart" : {
    "transaction" : "Add Product 2 to Cart",
    "sampleCount" : 2124,
    "errorCount" : 0,
    "errorPct" : 0.0,
    "meanResTime" : 2068.7071563088502,
    "medianResTime" : 1529.0,
    "minResTime" : 246.0,
    "maxResTime" : 17486.0,
    "pct1ResTime" : 4050.0,
    "pct2ResTime" : 4549.5,
    "pct3ResTime" : 6222.0,
    "throughput" : 8.888628498014286,
    "receivedKBytesPerSec" : 238.44460640408107,
    "sentKBytesPerSec" : 16.483369000489628
  },
  "Login" : {
    "transaction" : "Login",
    "sampleCount" : 2276,
    "errorCount" : 0,
    "errorPct" : 0.0,
    "meanResTime" : 1363.1388400702997,
    "medianResTime" : 1000.0,
    "minResTime" : 80.0,
    "maxResTime" : 25178.0,
    "pct1ResTime" : 2506.300000000004,
    "pct2ResTime" : 3592.0,
    "pct3ResTime" : 5301.030000000001,
    "throughput" : 9.515288845037919,
    "receivedKBytesPerSec" : 98.32867424036557,
    "sentKBytesPerSec" : 8.115780888107562
  },
  "Login-0" : {
    "transaction" : "Login-0",
    "sampleCount" : 2276,
    "errorCount" : 0,
    "errorPct" : 0.0,
    "meanResTime" : 540.1511423550079,
    "medianResTime" : 494.0,
    "minResTime" : 37.0,
    "maxResTime" : 3535.0,
    "pct1ResTime" : 543.0,
    "pct2ResTime" : 726.6500000000046,
    "pct3ResTime" : 1736.0,
    "throughput" : 9.52839469993511,
    "receivedKBytesPerSec" : 4.901900982249388,
    "sentKBytesPerSec" : 3.1401350527494607
  },
  "Login-1" : {
    "transaction" : "Login-1",
    "sampleCount" : 2276,
    "errorCount" : 0,
    "errorPct" : 0.0,
    "meanResTime" : 822.951230228472,
    "medianResTime" : 499.0,
    "minResTime" : 42.0,
    "maxResTime" : 24692.0,
    "pct1ResTime" : 1564.1000000000013,
    "pct2ResTime" : 3041.4500000000003,
    "pct3ResTime" : 4786.23,
    "throughput" : 9.516760956191957,
    "receivedKBytesPerSec" : 93.44797069759613,
    "sentKBytesPerSec" : 4.980735392963618
  },
  "Logout-1" : {
    "transaction" : "Logout-1",
    "sampleCount" : 2102,
    "errorCount" : 0,
    "errorPct" : 0.0,
    "meanResTime" : 737.1584205518564,
    "medianResTime" : 499.0,
    "minResTime" : 99.0,
    "maxResTime" : 6033.0,
    "pct1ResTime" : 1482.7,
    "pct2ResTime" : 2608.0,
    "pct3ResTime" : 3431.229999999988,
    "throughput" : 8.819925815276683,
    "receivedKBytesPerSec" : 82.68463277670314,
    "sentKBytesPerSec" : 6.527095368332605
  },
  "Logout-0" : {
    "transaction" : "Logout-0",
    "sampleCount" : 2102,
    "errorCount" : 0,
    "errorPct" : 0.0,
    "meanResTime" : 515.1194100856324,
    "medianResTime" : 487.0,
    "minResTime" : 128.0,
    "maxResTime" : 1965.0,
    "pct1ResTime" : 530.0,
    "pct2ResTime" : 795.8499999999981,
    "pct3ResTime" : 1254.7899999999986,
    "throughput" : 8.814932546056136,
    "receivedKBytesPerSec" : 10.841355327330904,
    "sentKBytesPerSec" : 8.522638292903602
  },
  "Look at Product" : {
    "transaction" : "Look at Product",
    "sampleCount" : 2265,
    "errorCount" : 201,
    "errorPct" : 8.874172,
    "meanResTime" : 4350.76203090507,
    "medianResTime" : 3907.0,
    "minResTime" : 0.0,
    "maxResTime" : 27289.0,
    "pct1ResTime" : 7649.8,
    "pct2ResTime" : 9337.899999999994,
    "pct3ResTime" : 13292.14000000001,
    "throughput" : 9.430741302066853,
    "receivedKBytesPerSec" : 946.3539330016613,
    "sentKBytesPerSec" : 4.582653265159969
  },
  "Total" : {
    "transaction" : "Total",
    "sampleCount" : 34892,
    "errorCount" : 209,
    "errorPct" : 0.59899116,
    "meanResTime" : 1771.3305915396097,
    "medianResTime" : 992.0,
    "minResTime" : 0.0,
    "maxResTime" : 27289.0,
    "pct1ResTime" : 4382.9000000000015,
    "pct2ResTime" : 5872.950000000001,
    "pct3ResTime" : 9586.990000000002,
    "throughput" : 145.18189345616292,
    "receivedKBytesPerSec" : 4492.378636978432,
    "sentKBytesPerSec" : 122.15727273460158
  },
  "Logout" : {
    "transaction" : "Logout",
    "sampleCount" : 2102,
    "errorCount" : 0,
    "errorPct" : 0.0,
    "meanResTime" : 1252.3177925784978,
    "medianResTime" : 992.0,
    "minResTime" : 250.0,
    "maxResTime" : 6522.0,
    "pct1ResTime" : 2091.0000000000005,
    "pct2ResTime" : 3120.7,
    "pct3ResTime" : 4030.9399999999796,
    "throughput" : 8.811274407062433,
    "receivedKBytesPerSec" : 93.44038419116106,
    "sentKBytesPerSec" : 15.03979443678267
  },
  "List Products with different page" : {
    "transaction" : "List Products with different page",
    "sampleCount" : 2185,
    "errorCount" : 3,
    "errorPct" : 0.13729978,
    "meanResTime" : 4401.47826086957,
    "medianResTime" : 3815.0,
    "minResTime" : 0.0,
    "maxResTime" : 25241.0,
    "pct1ResTime" : 7674.800000000001,
    "pct2ResTime" : 9491.599999999995,
    "pct3ResTime" : 13321.819999999985,
    "throughput" : 9.109366596765653,
    "receivedKBytesPerSec" : 1055.699804745313,
    "sentKBytesPerSec" : 4.959272161348353
  },
  "List Products" : {
    "transaction" : "List Products",
    "sampleCount" : 2225,
    "errorCount" : 3,
    "errorPct" : 0.13483146,
    "meanResTime" : 4543.368539325838,
    "medianResTime" : 3908.0,
    "minResTime" : 0.0,
    "maxResTime" : 24186.0,
    "pct1ResTime" : 7622.8,
    "pct2ResTime" : 9283.4,
    "pct3ResTime" : 14068.539999999985,
    "throughput" : 9.27052431585614,
    "receivedKBytesPerSec" : 1076.4350213391324,
    "sentKBytesPerSec" : 5.044171867448168
  },
  "Home" : {
    "transaction" : "Home",
    "sampleCount" : 2286,
    "errorCount" : 0,
    "errorPct" : 0.0,
    "meanResTime" : 1332.5297462817143,
    "medianResTime" : 984.0,
    "minResTime" : 77.0,
    "maxResTime" : 15099.0,
    "pct1ResTime" : 2533.6000000000004,
    "pct2ResTime" : 4332.85,
    "pct3ResTime" : 5746.930000000007,
    "throughput" : 9.542255578838398,
    "receivedKBytesPerSec" : 84.96707653110208,
    "sentKBytesPerSec" : 1.93827066445155
  }
}