{
  "Add Product to Cart-1" : {
    "transaction" : "Add Product to Cart-1",
    "sampleCount" : 1574,
    "errorCount" : 0,
    "errorPct" : 0.0,
    "meanResTime" : 154.3227445997459,
    "medianResTime" : 113.0,
    "minResTime" : 53.0,
    "maxResTime" : 2674.0,
    "pct1ResTime" : 265.5,
    "pct2ResTime" : 369.5,
    "pct3ResTime" : 560.5,
    "throughput" : 6.800869336029485,
    "receivedKBytesPerSec" : 170.34552002454188,
    "sentKBytesPerSec" : 6.1956977223676875
  },
  "Add Product to Cart-0" : {
    "transaction" : "Add Product to Cart-0",
    "sampleCount" : 1574,
    "errorCount" : 0,
    "errorPct" : 0.0,
    "meanResTime" : 100.8113087674713,
    "medianResTime" : 68.0,
    "minResTime" : 39.0,
    "maxResTime" : 2553.0,
    "pct1ResTime" : 190.5,
    "pct2ResTime" : 330.75,
    "pct3ResTime" : 448.5,
    "throughput" : 6.788345092897683,
    "receivedKBytesPerSec" : 6.152135691158332,
    "sentKBytesPerSec" : 6.010655678823728
  },
  "Add Product to Cart" : {
    "transaction" : "Add Product to Cart",
    "sampleCount" : 1574,
    "errorCount" : 0,
    "errorPct" : 0.0,
    "meanResTime" : 255.18932655654393,
    "medianResTime" : 183.0,
    "minResTime" : 104.0,
    "maxResTime" : 3774.0,
    "pct1ResTime" : 443.0,
    "pct2ResTime" : 719.0,
    "pct3ResTime" : 1008.25,
    "throughput" : 6.786003759463328,
    "receivedKBytesPerSec" : 176.1231866557914,
    "sentKBytesPerSec" : 12.19073752522117
  },
  "Add Product 2 to Cart-1" : {
    "transaction" : "Add Product 2 to Cart-1",
    "sampleCount" : 1555,
    "errorCount" : 0,
    "errorPct" : 0.0,
    "meanResTime" : 143.86302250803885,
    "medianResTime" : 116.0,
    "minResTime" : 54.0,
    "maxResTime" : 912.0,
    "pct1ResTime" : 252.4000000000001,
    "pct2ResTime" : 339.39999999999964,
    "pct3ResTime" : 491.7600000000002,
    "throughput" : 6.760516842599516,
    "receivedKBytesPerSec" : 169.271896174167,
    "sentKBytesPerSec" : 6.160174523503121
  },
  "Add Product 2 to Cart-0" : {
    "transaction" : "Add Product 2 to Cart-0",
    "sampleCount" : 1555,
    "errorCount" : 0,
    "errorPct" : 0.0,
    "meanResTime" : 94.12797427652735,
    "medianResTime" : 68.0,
    "minResTime" : 37.0,
    "maxResTime" : 1116.0,
    "pct1ResTime" : 170.80000000000018,
    "pct2ResTime" : 290.0,
    "pct3ResTime" : 418.32000000000016,
    "throughput" : 6.760428667695585,
    "receivedKBytesPerSec" : 6.128875936080256,
    "sentKBytesPerSec" : 6.917369009901528
  },
  "Add Product 2 to Cart" : {
    "transaction" : "Add Product 2 to Cart",
    "sampleCount" : 1555,
    "errorCount" : 0,
    "errorPct" : 0.0,
    "meanResTime" : 238.04244372990323,
    "medianResTime" : 185.0,
    "minResTime" : 102.0,
    "maxResTime" : 1874.0,
    "pct1ResTime" : 415.8000000000002,
    "pct2ResTime" : 609.1999999999989,
    "pct3ResTime" : 842.0,
    "throughput" : 6.758460027294617,
    "receivedKBytesPerSec" : 175.34748820529202,
    "sentKBytesPerSec" : 13.073655024350014
  },
  "Login" : {
    "transaction" : "Login",
    "sampleCount" : 1663,
    "errorCount" : 0,
    "errorPct" : 0.0,
    "meanResTime" : 224.69693325315683,
    "medianResTime" : 158.0,
    "minResTime" : 91.0,
    "maxResTime" : 2982.0,
    "pct1ResTime" : 364.40000000000055,
    "pct2ResTime" : 504.1999999999998,
    "pct3ResTime" : 955.0,
    "throughput" : 6.9512077880278715,
    "receivedKBytesPerSec" : 71.02334772967617,
    "sentKBytesPerSec" : 7.553148995356108
  },
  "Login-0" : {
    "transaction" : "Login-0",
    "sampleCount" : 1663,
    "errorCount" : 0,
    "errorPct" : 0.0,
    "meanResTime" : 112.05111244738421,
    "medianResTime" : 82.0,
    "minResTime" : 47.0,
    "maxResTime" : 2161.0,
    "pct1ResTime" : 191.60000000000014,
    "pct2ResTime" : 251.0,
    "pct3ResTime" : 529.2399999999991,
    "throughput" : 6.9525155313260365,
    "receivedKBytesPerSec" : 5.246452343599756,
    "sentKBytesPerSec" : 2.2831926242401566
  },
  "Login-1" : {
    "transaction" : "Login-1",
    "sampleCount" : 1663,
    "errorCount" : 0,
    "errorPct" : 0.0,
    "meanResTime" : 112.60372820204434,
    "medianResTime" : 75.0,
    "minResTime" : 41.0,
    "maxResTime" : 2654.0,
    "pct1ResTime" : 174.0,
    "pct2ResTime" : 225.0,
    "pct3ResTime" : 492.1599999999994,
    "throughput" : 7.013859014263903,
    "receivedKBytesPerSec" : 66.37073818704609,
    "sentKBytesPerSec" : 5.317887811732925
  },
  "Logout-1" : {
    "transaction" : "Logout-1",
    "sampleCount" : 1539,
    "errorCount" : 0,
    "errorPct" : 0.0,
    "meanResTime" : 92.471085120208,
    "medianResTime" : 72.0,
    "minResTime" : 39.0,
    "maxResTime" : 954.0,
    "pct1ResTime" : 151.0,
    "pct2ResTime" : 225.0,
    "pct3ResTime" : 391.7999999999997,
    "throughput" : 6.698847832994546,
    "receivedKBytesPerSec" : 61.75575583619162,
    "sentKBytesPerSec" : 5.191813655105096
  },
  "Logout-0" : {
    "transaction" : "Logout-0",
    "sampleCount" : 1539,
    "errorCount" : 0,
    "errorPct" : 0.0,
    "meanResTime" : 87.32813515269652,
    "medianResTime" : 66.0,
    "minResTime" : 37.0,
    "maxResTime" : 818.0,
    "pct1ResTime" : 147.0,
    "pct2ResTime" : 222.0,
    "pct3ResTime" : 389.1999999999998,
    "throughput" : 6.698148107849324,
    "receivedKBytesPerSec" : 9.058882173089897,
    "sentKBytesPerSec" : 6.744382507670881
  },
  "Look at Product" : {
    "transaction" : "Look at Product",
    "sampleCount" : 1625,
    "errorCount" : 0,
    "errorPct" : 0.0,
    "meanResTime" : 365.27753846153786,
    "medianResTime" : 199.0,
    "minResTime" : 84.0,
    "maxResTime" : 5066.0,
    "pct1ResTime" : 805.2000000000003,
    "pct2ResTime" : 1364.2999999999965,
    "pct3ResTime" : 3130.220000000001,
    "throughput" : 6.94032177467231,
    "receivedKBytesPerSec" : 742.0769678681787,
    "sentKBytesPerSec" : 5.380388525886333
  },
  "Total" : {
    "transaction" : "Total",
    "sampleCount" : 25546,
    "errorCount" : 0,
    "errorPct" : 0.0,
    "meanResTime" : 193.52822359664955,
    "medianResTime" : 134.0,
    "minResTime" : 37.0,
    "maxResTime" : 5187.0,
    "pct1ResTime" : 334.0,
    "pct2ResTime" : 523.9500000000007,
    "pct3ResTime" : 1422.9900000000016,
    "throughput" : 106.61180133296051,
    "receivedKBytesPerSec" : 3322.738967452487,
    "sentKBytesPerSec" : 104.04817652362938
  },
  "Logout" : {
    "transaction" : "Logout",
    "sampleCount" : 1539,
    "errorCount" : 0,
    "errorPct" : 0.0,
    "meanResTime" : 179.85834957764754,
    "medianResTime" : 140.0,
    "minResTime" : 82.0,
    "maxResTime" : 1772.0,
    "pct1ResTime" : 298.0,
    "pct2ResTime" : 431.0,
    "pct3ResTime" : 772.9999999999986,
    "throughput" : 6.696865658002951,
    "receivedKBytesPerSec" : 70.79463016706265,
    "sentKBytesPerSec" : 11.933368613990314
  },
  "List Products with different page" : {
    "transaction" : "List Products with different page",
    "sampleCount" : 1596,
    "errorCount" : 0,
    "errorPct" : 0.0,
    "meanResTime" : 280.07456140350854,
    "medianResTime" : 183.5,
    "minResTime" : 78.0,
    "maxResTime" : 3674.0,
    "pct1ResTime" : 543.1999999999998,
    "pct2ResTime" : 933.7499999999993,
    "pct3ResTime" : 1449.5899999999986,
    "throughput" : 6.87753167284323,
    "receivedKBytesPerSec" : 799.7916672277644,
    "sentKBytesPerSec" : 5.44139648689994
  },
  "List Products" : {
    "transaction" : "List Products",
    "sampleCount" : 1655,
    "errorCount" : 0,
    "errorPct" : 0.0,
    "meanResTime" : 450.7570996978853,
    "medianResTime" : 252.0,
    "minResTime" : 145.0,
    "maxResTime" : 5187.0,
    "pct1ResTime" : 924.4000000000001,
    "pct2ResTime" : 1713.7999999999938,
    "pct3ResTime" : 3391.600000000002,
    "throughput" : 6.978617179626654,
    "receivedKBytesPerSec" : 813.7800692617213,
    "sentKBytesPerSec" : 5.475434107938757
  },
  "Home" : {
    "transaction" : "Home",
    "sampleCount" : 1677,
    "errorCount" : 0,
    "errorPct" : 0.0,
    "meanResTime" : 186.659511031604,
    "medianResTime" : 140.0,
    "minResTime" : 84.0,
    "maxResTime" : 4132.0,
    "pct1ResTime" : 340.20000000000005,
    "pct2ResTime" : 440.0999999999999,
    "pct3ResTime" : 761.22,
    "throughput" : 7.006827164929932,
    "receivedKBytesPerSec" : 62.3908692283507,
    "sentKBytesPerSec" : 1.4232617678763924
  }
}