{
  "Add Product to Cart-1" : {
    "transaction" : "Add Product to Cart-1",
    "sampleCount" : 1347,
    "errorCount" : 17,
    "errorPct" : 1.2620639,
    "meanResTime" : 122.23904974016338,
    "medianResTime" : 84.0,
    "minResTime" : 52.0,
    "maxResTime" : 4452.0,
    "pct1ResTime" : 126.0,
    "pct2ResTime" : 178.79999999999973,
    "pct3ResTime" : 1285.5999999999954,
    "throughput" : 5.664185694461966,
    "receivedKBytesPerSec" : 137.86544405197426,
    "sentKBytesPerSec" : 5.171658342006223
  },
  "Add Product to Cart-0" : {
    "transaction" : "Add Product to Cart-0",
    "sampleCount" : 1347,
    "errorCount" : 0,
    "errorPct" : 0.0,
    "meanResTime" : 64.2635486265776,
    "medianResTime" : 55.0,
    "minResTime" : 37.0,
    "maxResTime" : 536.0,
    "pct1ResTime" : 71.0,
    "pct2ResTime" : 83.0,
    "pct3ResTime" : 483.52,
    "throughput" : 5.664781209916521,
    "receivedKBytesPerSec" : 5.153076177008642,
    "sentKBytesPerSec" : 5.089784528302879
  },
  "Add Product to Cart" : {
    "transaction" : "Add Product to Cart",
    "sampleCount" : 1347,
    "errorCount" : 17,
    "errorPct" : 1.2620639,
    "meanResTime" : 186.55011135857487,
    "medianResTime" : 141.0,
    "minResTime" : 99.0,
    "maxResTime" : 4944.0,
    "pct1ResTime" : 187.4000000000001,
    "pct2ResTime" : 242.5999999999999,
    "pct3ResTime" : 1542.52,
    "throughput" : 5.66318551031734,
    "receivedKBytesPerSec" : 142.9927243359316,
    "sentKBytesPerSec" : 10.259095926773792
  },
  "Add Product 2 to Cart-1" : {
    "transaction" : "Add Product 2 to Cart-1",
    "sampleCount" : 1337,
    "errorCount" : 20,
    "errorPct" : 1.4958863,
    "meanResTime" : 117.59685863874354,
    "medianResTime" : 83.0,
    "minResTime" : 45.0,
    "maxResTime" : 4609.0,
    "pct1ResTime" : 117.0,
    "pct2ResTime" : 156.0999999999999,
    "pct3ResTime" : 958.8599999999997,
    "throughput" : 5.622111676919907,
    "receivedKBytesPerSec" : 136.637828004697,
    "sentKBytesPerSec" : 5.135668069916867
  },
  "Add Product 2 to Cart-0" : {
    "transaction" : "Add Product 2 to Cart-0",
    "sampleCount" : 1337,
    "errorCount" : 0,
    "errorPct" : 0.0,
    "meanResTime" : 63.671652954375645,
    "medianResTime" : 56.0,
    "minResTime" : 37.0,
    "maxResTime" : 1028.0,
    "pct1ResTime" : 73.0,
    "pct2ResTime" : 82.0,
    "pct3ResTime" : 397.27999999998974,
    "throughput" : 5.6225372487836065,
    "receivedKBytesPerSec" : 5.1186646250625545,
    "sentKBytesPerSec" : 5.765531069827539
  },
  "Add Product 2 to Cart" : {
    "transaction" : "Add Product 2 to Cart",
    "sampleCount" : 1337,
    "errorCount" : 20,
    "errorPct" : 1.4958863,
    "meanResTime" : 181.30815258040354,
    "medianResTime" : 141.0,
    "minResTime" : 99.0,
    "maxResTime" : 5081.0,
    "pct1ResTime" : 182.0,
    "pct2ResTime" : 222.0,
    "pct3ResTime" : 1442.2399999999998,
    "throughput" : 5.621118926395715,
    "receivedKBytesPerSec" : 141.7310739524517,
    "sentKBytesPerSec" : 10.89883789173355
  },
  "Login" : {
    "transaction" : "Login",
    "sampleCount" : 1943,
    "errorCount" : 17,
    "errorPct" : 0.8749357,
    "meanResTime" : 482.68296448790494,
    "medianResTime" : 138.0,
    "minResTime" : 93.0,
    "maxResTime" : 8908.0,
    "pct1ResTime" : 988.6000000000001,
    "pct2ResTime" : 1678.199999999999,
    "pct3ResTime" : 4619.199999999991,
    "throughput" : 8.130727706406661,
    "receivedKBytesPerSec" : 83.07813791349332,
    "sentKBytesPerSec" : 7.967931872986149
  },
  "Login-0" : {
    "transaction" : "Login-0",
    "sampleCount" : 1943,
    "errorCount" : 0,
    "errorPct" : 0.0,
    "meanResTime" : 169.04477611940314,
    "medianResTime" : 74.0,
    "minResTime" : 45.0,
    "maxResTime" : 1637.0,
    "pct1ResTime" : 402.0,
    "pct2ResTime" : 495.39999999999986,
    "pct3ResTime" : 981.0799999999977,
    "throughput" : 8.132225040389073,
    "receivedKBytesPerSec" : 5.247031900044365,
    "sentKBytesPerSec" : 2.673479118534609
  },
  "Login-1" : {
    "transaction" : "Login-1",
    "sampleCount" : 1943,
    "errorCount" : 17,
    "errorPct" : 0.8749357,
    "meanResTime" : 313.6119402985079,
    "medianResTime" : 67.0,
    "minResTime" : 40.0,
    "maxResTime" : 8809.0,
    "pct1ResTime" : 676.0,
    "pct2ResTime" : 1008.1999999999996,
    "pct3ResTime" : 4181.159999999991,
    "throughput" : 8.132531381190958,
    "receivedKBytesPerSec" : 77.84933794345945,
    "sentKBytesPerSec" : 5.296119605605712
  },
  "Logout-1" : {
    "transaction" : "Logout-1",
    "sampleCount" : 1333,
    "errorCount" : 18,
    "errorPct" : 1.3503376,
    "meanResTime" : 84.23855963990995,
    "medianResTime" : 59.0,
    "minResTime" : 40.0,
    "maxResTime" : 8878.0,
    "pct1ResTime" : 75.0,
    "pct2ResTime" : 84.0,
    "pct3ResTime" : 474.28000000000065,
    "throughput" : 5.605574455737829,
    "receivedKBytesPerSec" : 51.2438460698426,
    "sentKBytesPerSec" : 4.357458268327453
  },
  "Logout-0" : {
    "transaction" : "Logout-0",
    "sampleCount" : 1333,
    "errorCount" : 0,
    "errorPct" : 0.0,
    "meanResTime" : 60.54013503375846,
    "medianResTime" : 53.0,
    "minResTime" : 37.0,
    "maxResTime" : 1016.0,
    "pct1ResTime" : 68.0,
    "pct2ResTime" : 76.29999999999995,
    "pct3ResTime" : 373.1200000000026,
    "throughput" : 5.6056687482915954,
    "receivedKBytesPerSec" : 7.620205954708888,
    "sentKBytesPerSec" : 5.658083084957632
  },
  "Look at Product" : {
    "transaction" : "Look at Product",
    "sampleCount" : 1621,
    "errorCount" : 14,
    "errorPct" : 0.8636644,
    "meanResTime" : 853.5811227637254,
    "medianResTime" : 257.0,
    "minResTime" : 134.0,
    "maxResTime" : 9475.0,
    "pct1ResTime" : 2918.0,
    "pct2ResTime" : 4071.7999999999984,
    "pct3ResTime" : 6923.919999999991,
    "throughput" : 6.78290924459062,
    "receivedKBytesPerSec" : 689.9967494092153,
    "sentKBytesPerSec" : 4.933364441717612
  },
  "Total" : {
    "transaction" : "Total",
    "sampleCount" : 24796,
    "errorCount" : 205,
    "errorPct" : 0.8267462,
    "meanResTime" : 389.29327310856723,
    "medianResTime" : 121.0,
    "minResTime" : 37.0,
    "maxResTime" : 25780.0,
    "pct1ResTime" : 691.0,
    "pct2ResTime" : 2300.0,
    "pct3ResTime" : 7348.780000000035,
    "throughput" : 103.48871665811079,
    "receivedKBytesPerSec" : 3162.9001957616515,
    "sentKBytesPerSec" : 94.47539623817305
  },
  "Logout" : {
    "transaction" : "Logout",
    "sampleCount" : 1333,
    "errorCount" : 18,
    "errorPct" : 1.3503376,
    "meanResTime" : 144.83045761440366,
    "medianResTime" : 114.0,
    "minResTime" : 83.0,
    "maxResTime" : 8960.0,
    "pct1ResTime" : 136.0,
    "pct2ResTime" : 151.0,
    "pct3ResTime" : 958.1600000000021,
    "throughput" : 5.60441962934311,
    "receivedKBytesPerSec" : 58.85179705762714,
    "sentKBytesPerSec" : 10.013382857696932
  },
  "List Products with different page" : {
    "transaction" : "List Products with different page",
    "sampleCount" : 1415,
    "errorCount" : 14,
    "errorPct" : 0.9893993,
    "meanResTime" : 381.22190812720817,
    "medianResTime" : 226.0,
    "minResTime" : 92.0,
    "maxResTime" : 5457.0,
    "pct1ResTime" : 319.0,
    "pct2ResTime" : 1640.4000000000015,
    "pct3ResTime" : 3897.2,
    "throughput" : 5.921815297953103,
    "receivedKBytesPerSec" : 658.9701418162291,
    "sentKBytesPerSec" : 4.67258429693614
  },
  "List Products" : {
    "transaction" : "List Products",
    "sampleCount" : 1937,
    "errorCount" : 16,
    "errorPct" : 0.82601964,
    "meanResTime" : 2053.4367578729994,
    "medianResTime" : 335.0,
    "minResTime" : 99.0,
    "maxResTime" : 25780.0,
    "pct1ResTime" : 7011.0,
    "pct2ResTime" : 8497.199999999999,
    "pct3ResTime" : 9845.679999999998,
    "throughput" : 8.102500606537216,
    "receivedKBytesPerSec" : 899.8670536435109,
    "sentKBytesPerSec" : 5.478839073388912
  },
  "Home" : {
    "transaction" : "Home",
    "sampleCount" : 1943,
    "errorCount" : 17,
    "errorPct" : 0.8749357,
    "meanResTime" : 259.06021616057626,
    "medianResTime" : 122.0,
    "minResTime" : 76.0,
    "maxResTime" : 8961.0,
    "pct1ResTime" : 619.0,
    "pct2ResTime" : 938.0,
    "pct3ResTime" : 1159.1599999999994,
    "throughput" : 8.130489545018976,
    "receivedKBytesPerSec" : 72.00332122050449,
    "sentKBytesPerSec" : 1.6515056888319797
  }
}