{
  "Add Product to Cart-1" : {
    "transaction" : "Add Product to Cart-1",
    "sampleCount" : 2159,
    "errorCount" : 0,
    "errorPct" : 0.0,
    "meanResTime" : 603.5345067160728,
    "medianResTime" : 484.0,
    "minResTime" : 61.0,
    "maxResTime" : 4125.0,
    "pct1ResTime" : 901.0,
    "pct2ResTime" : 1017.0,
    "pct3ResTime" : 3340.600000000001,
    "throughput" : 9.031432228701465,
    "receivedKBytesPerSec" : 236.74964325528958,
    "sentKBytesPerSec" : 8.245129761476486
  },
  "Add Product to Cart-0" : {
    "transaction" : "Add Product to Cart-0",
    "sampleCount" : 2159,
    "errorCount" : 0,
    "errorPct" : 0.0,
    "meanResTime" : 436.2779064381662,
    "medianResTime" : 443.0,
    "minResTime" : 53.0,
    "maxResTime" : 1424.0,
    "pct1ResTime" : 494.0,
    "pct2ResTime" : 510.0,
    "pct3ResTime" : 891.8000000000002,
    "throughput" : 9.031016669106728,
    "receivedKBytesPerSec" : 8.213488453715517,
    "sentKBytesPerSec" : 8.10845278742183
  },
  "Add Product to Cart" : {
    "transaction" : "Add Product to Cart",
    "sampleCount" : 2159,
    "errorCount" : 0,
    "errorPct" : 0.0,
    "meanResTime" : 1039.8619731357094,
    "medianResTime" : 935.0,
    "minResTime" : 114.0,
    "maxResTime" : 4576.0,
    "pct1ResTime" : 1350.0,
    "pct2ResTime" : 1524.0,
    "pct3ResTime" : 3780.0000000000005,
    "throughput" : 9.028712896130074,
    "receivedKBytesPerSec" : 244.88975199659384,
    "sentKBytesPerSec" : 16.349031538289438
  },
  "Add Product 2 to Cart-1" : {
    "transaction" : "Add Product 2 to Cart-1",
    "sampleCount" : 2148,
    "errorCount" : 0,
    "errorPct" : 0.0,
    "meanResTime" : 620.2271880819372,
    "medianResTime" : 486.0,
    "minResTime" : 58.0,
    "maxResTime" : 4622.0,
    "pct1ResTime" : 902.0,
    "pct2ResTime" : 1102.4499999999991,
    "pct3ResTime" : 3459.0199999999995,
    "throughput" : 8.997951583647856,
    "receivedKBytesPerSec" : 235.87692899739653,
    "sentKBytesPerSec" : 8.21451627239539
  },
  "Add Product 2 to Cart-0" : {
    "transaction" : "Add Product 2 to Cart-0",
    "sampleCount" : 2148,
    "errorCount" : 0,
    "errorPct" : 0.0,
    "meanResTime" : 435.19878957169504,
    "medianResTime" : 444.0,
    "minResTime" : 67.0,
    "maxResTime" : 1696.0,
    "pct1ResTime" : 494.0,
    "pct2ResTime" : 511.0,
    "pct3ResTime" : 848.6499999999965,
    "throughput" : 8.997084743490936,
    "receivedKBytesPerSec" : 8.182555929416027,
    "sentKBytesPerSec" : 9.222024951412392
  },
  "Add Product 2 to Cart" : {
    "transaction" : "Add Product 2 to Cart",
    "sampleCount" : 2148,
    "errorCount" : 0,
    "errorPct" : 0.0,
    "meanResTime" : 1055.4748603351964,
    "medianResTime" : 940.0,
    "minResTime" : 134.0,
    "maxResTime" : 5048.0,
    "pct1ResTime" : 1343.3000000000004,
    "pct2ResTime" : 1643.3999999999978,
    "pct3ResTime" : 3939.6499999999965,
    "throughput" : 8.994899540204855,
    "receivedKBytesPerSec" : 243.9774897195166,
    "sentKBytesPerSec" : 17.43151507969992
  },
  "Login" : {
    "transaction" : "Login",
    "sampleCount" : 2229,
    "errorCount" : 0,
    "errorPct" : 0.0,
    "meanResTime" : 927.7074921489453,
    "medianResTime" : 907.0,
    "minResTime" : 90.0,
    "maxResTime" : 6506.0,
    "pct1ResTime" : 1010.0,
    "pct2ResTime" : 1071.5,
    "pct3ResTime" : 3586.0999999999995,
    "throughput" : 9.294897189012923,
    "receivedKBytesPerSec" : 94.86025043628472,
    "sentKBytesPerSec" : 10.326703849469787
  },
  "Login-0" : {
    "transaction" : "Login-0",
    "sampleCount" : 2229,
    "errorCount" : 0,
    "errorPct" : 0.0,
    "meanResTime" : 443.7685060565278,
    "medianResTime" : 451.0,
    "minResTime" : 47.0,
    "maxResTime" : 1700.0,
    "pct1ResTime" : 508.0,
    "pct2ResTime" : 525.0,
    "pct3ResTime" : 1368.7999999999975,
    "throughput" : 9.296564150046295,
    "receivedKBytesPerSec" : 7.241480202311838,
    "sentKBytesPerSec" : 3.058764359052159
  },
  "Login-1" : {
    "transaction" : "Login-1",
    "sampleCount" : 2229,
    "errorCount" : 0,
    "errorPct" : 0.0,
    "meanResTime" : 483.91924629878855,
    "medianResTime" : 450.0,
    "minResTime" : 43.0,
    "maxResTime" : 6023.0,
    "pct1ResTime" : 507.0,
    "pct2ResTime" : 529.0,
    "pct3ResTime" : 3126.199999999999,
    "throughput" : 9.296758021529774,
    "receivedKBytesPerSec" : 87.63761018133684,
    "sentKBytesPerSec" : 7.269943102193435
  },
  "Logout-1" : {
    "transaction" : "Logout-1",
    "sampleCount" : 2139,
    "errorCount" : 0,
    "errorPct" : 0.0,
    "meanResTime" : 471.7489481065918,
    "medianResTime" : 448.0,
    "minResTime" : 54.0,
    "maxResTime" : 4824.0,
    "pct1ResTime" : 507.0,
    "pct2ResTime" : 530.0,
    "pct3ResTime" : 2268.1999999999994,
    "throughput" : 8.963104192419703,
    "receivedKBytesPerSec" : 82.57854157718577,
    "sentKBytesPerSec" : 6.956658949485638
  },
  "Logout-0" : {
    "transaction" : "Logout-0",
    "sampleCount" : 2139,
    "errorCount" : 0,
    "errorPct" : 0.0,
    "meanResTime" : 432.3632538569424,
    "medianResTime" : 440.0,
    "minResTime" : 46.0,
    "maxResTime" : 1536.0,
    "pct1ResTime" : 493.0,
    "pct2ResTime" : 510.0,
    "pct3ResTime" : 858.0,
    "throughput" : 8.961752296998924,
    "receivedKBytesPerSec" : 12.160042457296559,
    "sentKBytesPerSec" : 9.037821401787323
  },
  "Look at Product" : {
    "transaction" : "Look at Product",
    "sampleCount" : 2220,
    "errorCount" : 100,
    "errorPct" : 4.5045047,
    "meanResTime" : 2222.8234234234264,
    "medianResTime" : 2120.0,
    "minResTime" : 0.0,
    "maxResTime" : 7375.0,
    "pct1ResTime" : 3379.6000000000004,
    "pct2ResTime" : 4074.449999999998,
    "pct3ResTime" : 5375.3899999999985,
    "throughput" : 9.26254302701575,
    "receivedKBytesPerSec" : 976.9869721041514,
    "sentKBytesPerSec" : 7.035055609158235
  },
  "Total" : {
    "transaction" : "Total",
    "sampleCount" : 34853,
    "errorCount" : 100,
    "errorPct" : 0.28691936,
    "meanResTime" : 919.8581757667928,
    "medianResTime" : 706.5,
    "minResTime" : 0.0,
    "maxResTime" : 7839.0,
    "pct1ResTime" : 1908.0,
    "pct2ResTime" : 2561.850000000002,
    "pct3ResTime" : 3951.980000000003,
    "throughput" : 145.1295226753168,
    "receivedKBytesPerSec" : 4516.977375855451,
    "sentKBytesPerSec" : 143.2586416658165
  },
  "Logout" : {
    "transaction" : "Logout",
    "sampleCount" : 2139,
    "errorCount" : 0,
    "errorPct" : 0.0,
    "meanResTime" : 904.1636278634882,
    "medianResTime" : 892.0,
    "minResTime" : 100.0,
    "maxResTime" : 5234.0,
    "pct1ResTime" : 994.0,
    "pct2ResTime" : 1045.0,
    "pct3ResTime" : 2713.9999999999995,
    "throughput" : 8.959725218338324,
    "receivedKBytesPerSec" : 94.70470248785263,
    "sentKBytesPerSec" : 15.989813496135882
  },
  "List Products with different page" : {
    "transaction" : "List Products with different page",
    "sampleCount" : 2178,
    "errorCount" : 0,
    "errorPct" : 0.0,
    "meanResTime" : 1718.4164370982533,
    "medianResTime" : 1489.5,
    "minResTime" : 151.0,
    "maxResTime" : 6238.0,
    "pct1ResTime" : 2552.1000000000004,
    "pct2ResTime" : 3030.0999999999995,
    "pct3ResTime" : 4508.270000000003,
    "throughput" : 9.101127821119798,
    "receivedKBytesPerSec" : 1052.401889728481,
    "sentKBytesPerSec" : 7.347325858140662
  },
  "List Products" : {
    "transaction" : "List Products",
    "sampleCount" : 2197,
    "errorCount" : 0,
    "errorPct" : 0.0,
    "meanResTime" : 1972.2776513427411,
    "medianResTime" : 1819.0,
    "minResTime" : 202.0,
    "maxResTime" : 7839.0,
    "pct1ResTime" : 2858.0,
    "pct2ResTime" : 3678.1,
    "pct3ResTime" : 5116.48,
    "throughput" : 9.157524425622729,
    "receivedKBytesPerSec" : 1060.8208890460355,
    "sentKBytesPerSec" : 7.393783645149054
  },
  "Home" : {
    "transaction" : "Home",
    "sampleCount" : 2233,
    "errorCount" : 0,
    "errorPct" : 0.0,
    "meanResTime" : 905.2995969547688,
    "medianResTime" : 884.0,
    "minResTime" : 82.0,
    "maxResTime" : 4636.0,
    "pct1ResTime" : 998.0,
    "pct2ResTime" : 1083.0,
    "pct3ResTime" : 3861.4999999999964,
    "throughput" : 9.309674890977162,
    "receivedKBytesPerSec" : 82.8961090389939,
    "sentKBytesPerSec" : 1.8910277122297359
  }
}