{
  "Add Product to Cart-1" : {
    "transaction" : "Add Product to Cart-1",
    "sampleCount" : 1934,
    "errorCount" : 0,
    "errorPct" : 0.0,
    "meanResTime" : 188.03567735263698,
    "medianResTime" : 184.0,
    "minResTime" : 55.0,
    "maxResTime" : 1236.0,
    "pct1ResTime" : 290.5,
    "pct2ResTime" : 311.25,
    "pct3ResTime" : 431.25000000000045,
    "throughput" : 8.205937636571157,
    "receivedKBytesPerSec" : 213.07868795824265,
    "sentKBytesPerSec" : 7.498369764683919
  },
  "Add Product to Cart-0" : {
    "transaction" : "Add Product to Cart-0",
    "sampleCount" : 1934,
    "errorCount" : 0,
    "errorPct" : 0.0,
    "meanResTime" : 149.9968976215098,
    "medianResTime" : 148.0,
    "minResTime" : 38.0,
    "maxResTime" : 591.0,
    "pct1ResTime" : 244.5,
    "pct2ResTime" : 269.0,
    "pct3ResTime" : 300.0,
    "throughput" : 8.206529579998811,
    "receivedKBytesPerSec" : 7.474868099874398,
    "sentKBytesPerSec" : 7.410331915719705
  },
  "Add Product to Cart" : {
    "transaction" : "Add Product to Cart",
    "sampleCount" : 1934,
    "errorCount" : 0,
    "errorPct" : 0.0,
    "meanResTime" : 338.07600827301,
    "medianResTime" : 339.0,
    "minResTime" : 99.0,
    "maxResTime" : 1467.0,
    "pct1ResTime" : 531.0,
    "pct2ResTime" : 575.0,
    "pct3ResTime" : 662.9500000000003,
    "throughput" : 8.204301531413057,
    "receivedKBytesPerSec" : 220.50904288672422,
    "sentKBytesPerSec" : 14.905194767318543
  },
  "Add Product 2 to Cart-1" : {
    "transaction" : "Add Product 2 to Cart-1",
    "sampleCount" : 1927,
    "errorCount" : 0,
    "errorPct" : 0.0,
    "meanResTime" : 185.92267773741594,
    "medianResTime" : 183.0,
    "minResTime" : 57.0,
    "maxResTime" : 1732.0,
    "pct1ResTime" : 282.0,
    "pct2ResTime" : 310.0,
    "pct3ResTime" : 414.0,
    "throughput" : 8.17668774133322,
    "receivedKBytesPerSec" : 212.3014387835745,
    "sentKBytesPerSec" : 7.4716458328913316
  },
  "Add Product 2 to Cart-0" : {
    "transaction" : "Add Product 2 to Cart-0",
    "sampleCount" : 1927,
    "errorCount" : 0,
    "errorPct" : 0.0,
    "meanResTime" : 149.35080435910723,
    "medianResTime" : 150.0,
    "minResTime" : 36.0,
    "maxResTime" : 542.0,
    "pct1ResTime" : 241.0,
    "pct2ResTime" : 266.0,
    "pct3ResTime" : 297.0,
    "throughput" : 8.177034711024357,
    "receivedKBytesPerSec" : 7.44800672844352,
    "sentKBytesPerSec" : 8.387990610148094
  },
  "Add Product 2 to Cart" : {
    "transaction" : "Add Product 2 to Cart",
    "sampleCount" : 1927,
    "errorCount" : 0,
    "errorPct" : 0.0,
    "meanResTime" : 335.31395952257344,
    "medianResTime" : 342.0,
    "minResTime" : 93.0,
    "maxResTime" : 1923.0,
    "pct1ResTime" : 520.4000000000001,
    "pct2ResTime" : 570.1999999999998,
    "pct3ResTime" : 637.9200000000003,
    "throughput" : 8.174918653832284,
    "receivedKBytesPerSec" : 219.7015851101514,
    "sentKBytesPerSec" : 15.85584924815778
  },
  "Login" : {
    "transaction" : "Login",
    "sampleCount" : 1964,
    "errorCount" : 0,
    "errorPct" : 0.0,
    "meanResTime" : 311.3151731160897,
    "medianResTime" : 319.0,
    "minResTime" : 90.0,
    "maxResTime" : 1624.0,
    "pct1ResTime" : 481.0,
    "pct2ResTime" : 520.0,
    "pct3ResTime" : 589.3499999999999,
    "throughput" : 8.33177784188288,
    "receivedKBytesPerSec" : 85.0102370781083,
    "sentKBytesPerSec" : 9.299499560396905
  },
  "Login-0" : {
    "transaction" : "Login-0",
    "sampleCount" : 1964,
    "errorCount" : 0,
    "errorPct" : 0.0,
    "meanResTime" : 157.702647657841,
    "medianResTime" : 160.0,
    "minResTime" : 44.0,
    "maxResTime" : 859.0,
    "pct1ResTime" : 242.0,
    "pct2ResTime" : 266.0,
    "pct3ResTime" : 297.3499999999999,
    "throughput" : 8.334040566918443,
    "receivedKBytesPerSec" : 6.535451630527031,
    "sentKBytesPerSec" : 2.7421573320673853
  },
  "Login-1" : {
    "transaction" : "Login-1",
    "sampleCount" : 1964,
    "errorCount" : 0,
    "errorPct" : 0.0,
    "meanResTime" : 153.57892057026493,
    "medianResTime" : 155.5,
    "minResTime" : 41.0,
    "maxResTime" : 1416.0,
    "pct1ResTime" : 240.0,
    "pct2ResTime" : 259.75,
    "pct3ResTime" : 297.3499999999999,
    "throughput" : 8.333616212362946,
    "receivedKBytesPerSec" : 78.49387535960997,
    "sentKBytesPerSec" : 6.55953374817543
  },
  "Logout-1" : {
    "transaction" : "Logout-1",
    "sampleCount" : 1922,
    "errorCount" : 0,
    "errorPct" : 0.0,
    "meanResTime" : 152.6795005202915,
    "medianResTime" : 157.0,
    "minResTime" : 42.0,
    "maxResTime" : 1367.0,
    "pct1ResTime" : 235.0,
    "pct2ResTime" : 258.0,
    "pct3ResTime" : 296.53999999999996,
    "throughput" : 8.190119868923993,
    "receivedKBytesPerSec" : 75.43068406623259,
    "sentKBytesPerSec" : 6.36430383315294
  },
  "Logout-0" : {
    "transaction" : "Logout-0",
    "sampleCount" : 1922,
    "errorCount" : 0,
    "errorPct" : 0.0,
    "meanResTime" : 145.94120707596232,
    "medianResTime" : 149.0,
    "minResTime" : 35.0,
    "maxResTime" : 557.0,
    "pct1ResTime" : 233.0,
    "pct2ResTime" : 257.0,
    "pct3ResTime" : 291.0,
    "throughput" : 8.190224570673713,
    "receivedKBytesPerSec" : 11.133586525759577,
    "sentKBytesPerSec" : 8.266961318021051
  },
  "Look at Product" : {
    "transaction" : "Look at Product",
    "sampleCount" : 1960,
    "errorCount" : 50,
    "errorPct" : 2.5510204,
    "meanResTime" : 794.9520408163274,
    "medianResTime" : 801.0,
    "minResTime" : 0.0,
    "maxResTime" : 2251.0,
    "pct1ResTime" : 1297.9,
    "pct2ResTime" : 1448.6499999999987,
    "pct3ResTime" : 1756.0,
    "throughput" : 8.310366758532965,
    "receivedKBytesPerSec" : 884.8339574610452,
    "sentKBytesPerSec" : 6.482751881492474
  },
  "Total" : {
    "transaction" : "Total",
    "sampleCount" : 31060,
    "errorCount" : 50,
    "errorPct" : 0.16097875,
    "meanResTime" : 310.9522858982615,
    "medianResTime" : 281.0,
    "minResTime" : 0.0,
    "maxResTime" : 2298.0,
    "pct1ResTime" : 838.0,
    "pct2ResTime" : 1039.0,
    "pct3ResTime" : 1398.9800000000032,
    "throughput" : 131.33636655785398,
    "receivedKBytesPerSec" : 4071.863185052243,
    "sentKBytesPerSec" : 130.41768953865247
  },
  "Logout" : {
    "transaction" : "Logout",
    "sampleCount" : 1922,
    "errorCount" : 0,
    "errorPct" : 0.0,
    "meanResTime" : 298.6706555671179,
    "medianResTime" : 310.0,
    "minResTime" : 81.0,
    "maxResTime" : 1594.0,
    "pct1ResTime" : 463.0,
    "pct2ResTime" : 508.0,
    "pct3ResTime" : 565.77,
    "throughput" : 8.18858455075687,
    "receivedKBytesPerSec" : 86.54790096957186,
    "sentKBytesPerSec" : 14.628416714330449
  },
  "List Products with different page" : {
    "transaction" : "List Products with different page",
    "sampleCount" : 1938,
    "errorCount" : 0,
    "errorPct" : 0.0,
    "meanResTime" : 611.406088751291,
    "medianResTime" : 606.5,
    "minResTime" : 149.0,
    "maxResTime" : 2298.0,
    "pct1ResTime" : 997.1000000000001,
    "pct2ResTime" : 1074.0,
    "pct3ResTime" : 1312.4399999999996,
    "throughput" : 8.217400706408132,
    "receivedKBytesPerSec" : 947.0191086102501,
    "sentKBytesPerSec" : 6.675669134607638
  },
  "List Products" : {
    "transaction" : "List Products",
    "sampleCount" : 1952,
    "errorCount" : 0,
    "errorPct" : 0.0,
    "meanResTime" : 698.790471311476,
    "medianResTime" : 680.0,
    "minResTime" : 160.0,
    "maxResTime" : 2106.0,
    "pct1ResTime" : 1133.7,
    "pct2ResTime" : 1300.35,
    "pct3ResTime" : 1602.8200000000002,
    "throughput" : 8.267753221120044,
    "receivedKBytesPerSec" : 953.6391825044578,
    "sentKBytesPerSec" : 6.71674705789545
  },
  "Home" : {
    "transaction" : "Home",
    "sampleCount" : 1969,
    "errorCount" : 0,
    "errorPct" : 0.0,
    "meanResTime" : 294.83900457084815,
    "medianResTime" : 301.0,
    "minResTime" : 77.0,
    "maxResTime" : 1775.0,
    "pct1ResTime" : 457.0,
    "pct2ResTime" : 495.5,
    "pct3ResTime" : 563.5999999999999,
    "throughput" : 8.354158622942752,
    "receivedKBytesPerSec" : 74.38790851952345,
    "sentKBytesPerSec" : 1.6969384702852464
  }
}