{
  "Add Product to Cart-1" : {
    "transaction" : "Add Product to Cart-1",
    "sampleCount" : 2029,
    "errorCount" : 0,
    "errorPct" : 0.0,
    "meanResTime" : 368.6209955643177,
    "medianResTime" : 327.0,
    "minResTime" : 56.0,
    "maxResTime" : 4632.0,
    "pct1ResTime" : 517.0,
    "pct2ResTime" : 783.0,
    "pct3ResTime" : 2283.700000000009,
    "throughput" : 8.55266485693571,
    "receivedKBytesPerSec" : 224.94486305303582,
    "sentKBytesPerSec" : 7.79631012867988
  },
  "Add Product to Cart-0" : {
    "transaction" : "Add Product to Cart-0",
    "sampleCount" : 2029,
    "errorCount" : 0,
    "errorPct" : 0.0,
    "meanResTime" : 283.3893543617544,
    "medianResTime" : 289.0,
    "minResTime" : 38.0,
    "maxResTime" : 1120.0,
    "pct1ResTime" : 454.0,
    "pct2ResTime" : 481.5,
    "pct3ResTime" : 579.9000000000003,
    "throughput" : 8.55331382947331,
    "receivedKBytesPerSec" : 7.759394180669259,
    "sentKBytesPerSec" : 7.604358122064936
  },
  "Add Product to Cart" : {
    "transaction" : "Add Product to Cart",
    "sampleCount" : 2029,
    "errorCount" : 0,
    "errorPct" : 0.0,
    "meanResTime" : 652.0591424346961,
    "medianResTime" : 619.0,
    "minResTime" : 95.0,
    "maxResTime" : 5072.0,
    "pct1ResTime" : 984.0,
    "pct2ResTime" : 1202.5,
    "pct3ResTime" : 2744.30000000001,
    "throughput" : 8.551078894133514,
    "receivedKBytesPerSec" : 232.66051711058665,
    "sentKBytesPerSec" : 15.397235564259525
  },
  "Add Product 2 to Cart-1" : {
    "transaction" : "Add Product 2 to Cart-1",
    "sampleCount" : 2020,
    "errorCount" : 0,
    "errorPct" : 0.0,
    "meanResTime" : 372.4806930693069,
    "medianResTime" : 330.0,
    "minResTime" : 58.0,
    "maxResTime" : 5109.0,
    "pct1ResTime" : 512.9000000000001,
    "pct2ResTime" : 767.4999999999982,
    "pct3ResTime" : 2505.6899999999923,
    "throughput" : 8.51422550052687,
    "receivedKBytesPerSec" : 223.94457570468916,
    "sentKBytesPerSec" : 7.7611959957850365
  },
  "Add Product 2 to Cart-0" : {
    "transaction" : "Add Product 2 to Cart-0",
    "sampleCount" : 2020,
    "errorCount" : 0,
    "errorPct" : 0.0,
    "meanResTime" : 283.17326732673223,
    "medianResTime" : 292.0,
    "minResTime" : 38.0,
    "maxResTime" : 1301.0,
    "pct1ResTime" : 452.0,
    "pct2ResTime" : 479.0,
    "pct3ResTime" : 529.3699999999999,
    "throughput" : 8.515302251074951,
    "receivedKBytesPerSec" : 7.724781452870753,
    "sentKBytesPerSec" : 8.716670410115084
  },
  "Add Product 2 to Cart" : {
    "transaction" : "Add Product 2 to Cart",
    "sampleCount" : 2020,
    "errorCount" : 0,
    "errorPct" : 0.0,
    "meanResTime" : 655.703960396041,
    "medianResTime" : 624.0,
    "minResTime" : 99.0,
    "maxResTime" : 5537.0,
    "pct1ResTime" : 974.0,
    "pct2ResTime" : 1200.9499999999998,
    "pct3ResTime" : 2999.2299999999914,
    "throughput" : 8.512359777835838,
    "receivedKBytesPerSec" : 231.61761486286463,
    "sentKBytesPerSec" : 16.473153638349025
  },
  "Login" : {
    "transaction" : "Login",
    "sampleCount" : 2087,
    "errorCount" : 0,
    "errorPct" : 0.0,
    "meanResTime" : 598.8251078102543,
    "medianResTime" : 600.0,
    "minResTime" : 83.0,
    "maxResTime" : 3987.0,
    "pct1ResTime" : 938.0,
    "pct2ResTime" : 983.0,
    "pct3ResTime" : 1668.319999999996,
    "throughput" : 8.761728835617877,
    "receivedKBytesPerSec" : 89.45610558707152,
    "sentKBytesPerSec" : 9.660599279214509
  },
  "Login-0" : {
    "transaction" : "Login-0",
    "sampleCount" : 2087,
    "errorCount" : 0,
    "errorPct" : 0.0,
    "meanResTime" : 298.26353617633004,
    "medianResTime" : 300.0,
    "minResTime" : 40.0,
    "maxResTime" : 1539.0,
    "pct1ResTime" : 468.0,
    "pct2ResTime" : 497.0,
    "pct3ResTime" : 800.9599999999991,
    "throughput" : 8.763458017703277,
    "receivedKBytesPerSec" : 6.750123118029545,
    "sentKBytesPerSec" : 2.8840021160685794
  },
  "Login-1" : {
    "transaction" : "Login-1",
    "sampleCount" : 2087,
    "errorCount" : 0,
    "errorPct" : 0.0,
    "meanResTime" : 300.52755150934297,
    "medianResTime" : 299.0,
    "minResTime" : 43.0,
    "maxResTime" : 3515.0,
    "pct1ResTime" : 464.20000000000005,
    "pct2ResTime" : 490.5999999999999,
    "pct3ResTime" : 618.079999999999,
    "throughput" : 8.763752414546065,
    "receivedKBytesPerSec" : 82.72641618375746,
    "sentKBytesPerSec" : 6.778731457860922
  },
  "Logout-1" : {
    "transaction" : "Logout-1",
    "sampleCount" : 2010,
    "errorCount" : 0,
    "errorPct" : 0.0,
    "meanResTime" : 295.6089552238807,
    "medianResTime" : 296.5,
    "minResTime" : 40.0,
    "maxResTime" : 2664.0,
    "pct1ResTime" : 462.0,
    "pct2ResTime" : 486.4499999999998,
    "pct3ResTime" : 638.7199999999939,
    "throughput" : 8.478007794705674,
    "receivedKBytesPerSec" : 78.15641192836716,
    "sentKBytesPerSec" : 6.5738666200587135
  },
  "Logout-0" : {
    "transaction" : "Logout-0",
    "sampleCount" : 2010,
    "errorCount" : 0,
    "errorPct" : 0.0,
    "meanResTime" : 283.59701492537306,
    "medianResTime" : 293.0,
    "minResTime" : 40.0,
    "maxResTime" : 1193.0,
    "pct1ResTime" : 452.0,
    "pct2ResTime" : 475.0,
    "pct3ResTime" : 740.4799999999705,
    "throughput" : 8.478401167572857,
    "receivedKBytesPerSec" : 11.467492344130289,
    "sentKBytesPerSec" : 8.538546308784635
  },
  "Look at Product" : {
    "transaction" : "Look at Product",
    "sampleCount" : 2080,
    "errorCount" : 100,
    "errorPct" : 4.8076925,
    "meanResTime" : 1468.619230769232,
    "medianResTime" : 1442.5,
    "minResTime" : 0.0,
    "maxResTime" : 6725.0,
    "pct1ResTime" : 2600.9,
    "pct2ResTime" : 3070.8499999999995,
    "pct3ResTime" : 4857.660000000001,
    "throughput" : 8.75207230558197,
    "receivedKBytesPerSec" : 924.7701750979875,
    "sentKBytesPerSec" : 6.551517339254307
  },
  "Total" : {
    "transaction" : "Total",
    "sampleCount" : 32724,
    "errorCount" : 100,
    "errorPct" : 0.3055861,
    "meanResTime" : 596.3417063928594,
    "medianResTime" : 525.0,
    "minResTime" : 0.0,
    "maxResTime" : 6725.0,
    "pct1ResTime" : 1608.0,
    "pct2ResTime" : 2063.0,
    "pct3ResTime" : 3516.9900000000016,
    "throughput" : 137.3330759352364,
    "receivedKBytesPerSec" : 4279.738115414456,
    "sentKBytesPerSec" : 134.94841950661402
  },
  "Logout" : {
    "transaction" : "Logout",
    "sampleCount" : 2010,
    "errorCount" : 0,
    "errorPct" : 0.0,
    "meanResTime" : 579.2373134328357,
    "medianResTime" : 589.0,
    "minResTime" : 83.0,
    "maxResTime" : 3090.0,
    "pct1ResTime" : 916.9000000000001,
    "pct2ResTime" : 957.0,
    "pct3ResTime" : 1248.7499999999905,
    "throughput" : 8.476577655572612,
    "receivedKBytesPerSec" : 89.6082538170957,
    "sentKBytesPerSec" : 15.109467547833622
  },
  "List Products with different page" : {
    "transaction" : "List Products with different page",
    "sampleCount" : 2044,
    "errorCount" : 0,
    "errorPct" : 0.0,
    "meanResTime" : 1152.0978473581224,
    "medianResTime" : 1111.0,
    "minResTime" : 142.0,
    "maxResTime" : 5350.0,
    "pct1ResTime" : 1933.5,
    "pct2ResTime" : 2378.75,
    "pct3ResTime" : 3642.949999999999,
    "throughput" : 8.609904760300083,
    "receivedKBytesPerSec" : 997.1521146907027,
    "sentKBytesPerSec" : 6.875246648866264
  },
  "List Products" : {
    "transaction" : "List Products",
    "sampleCount" : 2062,
    "errorCount" : 0,
    "errorPct" : 0.0,
    "meanResTime" : 1330.390397672161,
    "medianResTime" : 1263.5,
    "minResTime" : 162.0,
    "maxResTime" : 6442.0,
    "pct1ResTime" : 2236.3,
    "pct2ResTime" : 2827.5499999999997,
    "pct3ResTime" : 4575.849999999999,
    "throughput" : 8.66980326862515,
    "receivedKBytesPerSec" : 1005.4408857550025,
    "sentKBytesPerSec" : 6.925001090557819
  },
  "Home" : {
    "transaction" : "Home",
    "sampleCount" : 2100,
    "errorCount" : 0,
    "errorPct" : 0.0,
    "meanResTime" : 590.0042857142863,
    "medianResTime" : 580.5,
    "minResTime" : 78.0,
    "maxResTime" : 4020.0,
    "pct1ResTime" : 926.0,
    "pct2ResTime" : 960.0,
    "pct3ResTime" : 2213.869999999997,
    "throughput" : 8.817601612361438,
    "receivedKBytesPerSec" : 78.51454248194491,
    "sentKBytesPerSec" : 1.791075327510917
  }
}